,Repo Name,url
0,Getting-started-with-Docker-pipeline,https://github.com//soumilshah1995/Getting-started-with-Docker-pipeline
1,Tensorflow-with-docker,https://github.com//soumilshah1995/Tensorflow-with-docker
2,DHT11-FlaskRestful,https://github.com//soumilshah1995/DHT11-FlaskRestful
3,amazon-product-similarity-backend,https://github.com//soumilshah1995/amazon-product-similarity-backend
4,stop-a-bot-from-accesing-REST-API-python,https://github.com//soumilshah1995/stop-a-bot-from-accesing-REST-API-python
5,fastapi-python,https://github.com//soumilshah1995/fastapi-python
6,AutoComplete-Input-Elastic-Search-Python,https://github.com//soumilshah1995/AutoComplete-Input-Elastic-Search-Python
7,recommenders,https://github.com//soumilshah1995/recommenders
8,restapi-emailvalidation-sendgrid-python,https://github.com//soumilshah1995/restapi-emailvalidation-sendgrid-python
9,PWA-Flask-Python-Template,https://github.com//soumilshah1995/PWA-Flask-Python-Template
10,Python,https://github.com//soumilshah1995/Python
11,Resume-Parser,https://github.com//soumilshah1995/Resume-Parser
12,docker-wsgi-ngnix-redis-load-balancing,https://github.com//soumilshah1995/docker-wsgi-ngnix-redis-load-balancing
13,Learning-PySpark,https://github.com//soumilshah1995/Learning-PySpark
14,Flask-REST-API-Code-Generator-python,https://github.com//soumilshah1995/Flask-REST-API-Code-Generator-python
15,Getting-started-with-flutter,https://github.com//soumilshah1995/Getting-started-with-flutter
16,Getting-started-with-Terraform,https://github.com//soumilshah1995/Getting-started-with-Terraform
17,Indeed-Job-Search-Bot,https://github.com//soumilshah1995/Indeed-Job-Search-Bot
18,FlaskRestAPI-JWT-Docker-Ngnix-Wsgi-load-balancing-,https://github.com//soumilshah1995/FlaskRestAPI-JWT-Docker-Ngnix-Wsgi-load-balancing-
19,Deploy-Flask-REST-API-on-Docker,https://github.com//soumilshah1995/Deploy-Flask-REST-API-on-Docker
20,Deploy-Docker-Container-on-AWS,https://github.com//soumilshah1995/Deploy-Docker-Container-on-AWS
21,autocomplete-using-elasticsearch,https://github.com//soumilshah1995/autocomplete-using-elasticsearch
22,flask-pwa,https://github.com//soumilshah1995/flask-pwa
23,AWSSQS-Python-Tutorial,https://github.com//soumilshah1995/AWSSQS-Python-Tutorial
24,Flask-and-HandelBarJS-,https://github.com//soumilshah1995/Flask-and-HandelBarJS-
25,cuDF-RAPIDS-demo,https://github.com//soumilshah1995/cuDF-RAPIDS-demo
26,AWS-Elastic-Search-and-kibana-Deploy,https://github.com//soumilshah1995/AWS-Elastic-Search-and-kibana-Deploy
27,c-snippets,https://github.com//soumilshah1995/c-snippets
28,StoryScrapper,https://github.com//soumilshah1995/StoryScrapper
29,DataStructure-in-C-,https://github.com//soumilshah1995/DataStructure-in-C-
30,ImageHunterNodejs,https://github.com//soumilshah1995/ImageHunterNodejs
31,CSVtoMongoDB,https://github.com//soumilshah1995/CSVtoMongoDB
32,GCPCsvHunt,https://github.com//soumilshah1995/GCPCsvHunt
33,Flask-Charts-Youtube-Tutorials-,https://github.com//soumilshah1995/Flask-Charts-Youtube-Tutorials-
34,Flask-Github-Oauth-Login-Template,https://github.com//soumilshah1995/Flask-Github-Oauth-Login-Template
35,Flask-Website-Template,https://github.com//soumilshah1995/Flask-Website-Template
36,Flask-Live-Charts-Python,https://github.com//soumilshah1995/Flask-Live-Charts-Python
37,Flask-Captcha-Python,https://github.com//soumilshah1995/Flask-Captcha-Python
38,Github-Repo-Hunter,https://github.com//soumilshah1995/Github-Repo-Hunter
39,APMiniProject2,https://github.com//soumilshah1995/APMiniProject2
40,EngtoHindi,https://github.com//soumilshah1995/EngtoHindi
41,DeviceHunter,https://github.com//soumilshah1995/DeviceHunter
42,AppleStock,https://github.com//soumilshah1995/AppleStock
43,Python-based-Attendance-Software,https://github.com//soumilshah1995/Python-based-Attendance-Software
44,YoutubeTagGenerator,https://github.com//soumilshah1995/YoutubeTagGenerator
45,KeyWordExtractor,https://github.com//soumilshah1995/KeyWordExtractor
46,Smart-Proxy-for-Webscapping-BeautifulSoup,https://github.com//soumilshah1995/Smart-Proxy-for-Webscapping-BeautifulSoup
47,SentimentAnalyzer,https://github.com//soumilshah1995/SentimentAnalyzer
48,llogpy,https://github.com//soumilshah1995/llogpy
49,textsummarizer,https://github.com//soumilshah1995/textsummarizer
50,rabbitmq-python-server-client,https://github.com//soumilshah1995/rabbitmq-python-server-client
51,GoogleImageDownloader,https://github.com//soumilshah1995/GoogleImageDownloader
52,pika,https://github.com//soumilshah1995/pika
53,C-Project,https://github.com//soumilshah1995/C-Project
54,LinkedIn-Easy-Apply-Bot,https://github.com//soumilshah1995/LinkedIn-Easy-Apply-Bot
55,top-100-rated-movie-fetcher,https://github.com//soumilshah1995/top-100-rated-movie-fetcher
56,weatherUSA,https://github.com//soumilshah1995/weatherUSA
57,YoutubeVideo,https://github.com//soumilshah1995/YoutubeVideo
58,Text-File-Crawler-in-c-plus-plus-,https://github.com//soumilshah1995/Text-File-Crawler-in-c-plus-plus-
59,Efficient-and-Secure-Architecture-for-uploading-IoT-Sensor-Data-to-AWS-IoT-Core-can-Scale-up-to-100-,https://github.com//soumilshah1995/Efficient-and-Secure-Architecture-for-uploading-IoT-Sensor-Data-to-AWS-IoT-Core-can-Scale-up-to-100-
60,Upload-Sensor-Data-to-AWS-DynamoDB-Python,https://github.com//soumilshah1995/Upload-Sensor-Data-to-AWS-DynamoDB-Python
61,Scripting-and-Web-Scraping,https://github.com//soumilshah1995/Scripting-and-Web-Scraping
62,Awesome-Python-Scripts,https://github.com//soumilshah1995/Awesome-Python-Scripts
63,TedTalk-Scrapper,https://github.com//soumilshah1995/TedTalk-Scrapper
64,WebScrapping-on-Website-for-Watch-Price-and-Details-,https://github.com//soumilshah1995/WebScrapping-on-Website-for-Watch-Price-and-Details-
65,Data-Structure-and-Algorithm-and-Meta-class,https://github.com//soumilshah1995/Data-Structure-and-Algorithm-and-Meta-class
66,Advance-Python-Object-Oriented-with-Meta-Class,https://github.com//soumilshah1995/Advance-Python-Object-Oriented-with-Meta-Class
67,Learn-Cplusplus-STL,https://github.com//soumilshah1995/Learn-Cplusplus-STL
68,Fetch-Gold-Rate-from-Indian-Website-Restful-API,https://github.com//soumilshah1995/Fetch-Gold-Rate-from-Indian-Website-Restful-API
69,hacking-API-from-website-Python,https://github.com//soumilshah1995/hacking-API-from-website-Python
70,CPlusPlus-3-D-Matrix-Class-Pointers,https://github.com//soumilshah1995/CPlusPlus-3-D-Matrix-Class-Pointers
71,Tic-Tac-Toe-Game-in-C-plus-plus,https://github.com//soumilshah1995/Tic-Tac-Toe-Game-in-C-plus-plus
72,HackerRank-Solution-Python,https://github.com//soumilshah1995/HackerRank-Solution-Python
73,Data-cleaning-Tool-Python,https://github.com//soumilshah1995/Data-cleaning-Tool-Python
74,Data-Structure-Python,https://github.com//soumilshah1995/Data-Structure-Python
75,C-Plus-Plus-Tutorials,https://github.com//soumilshah1995/C-Plus-Plus-Tutorials
76,REST-API-Energy-Rate-Python,https://github.com//soumilshah1995/REST-API-Energy-Rate-Python
77,JavaTutorials,https://github.com//soumilshah1995/JavaTutorials
78,Data-Visualization-Analysis-and-RNN-LSTM-model-for-Hourly-Energy-Consumption-,https://github.com//soumilshah1995/Data-Visualization-Analysis-and-RNN-LSTM-model-for-Hourly-Energy-Consumption-
79,Learn-AWS-with-Python-Boto-3,https://github.com//soumilshah1995/Learn-AWS-with-Python-Boto-3
80,File-Automation-in-S3-Bucket-AWS-with-Lambda-Function,https://github.com//soumilshah1995/File-Automation-in-S3-Bucket-AWS-with-Lambda-Function
81,CloudWatch-LogFile-Master,https://github.com//soumilshah1995/CloudWatch-LogFile-Master
82,Google-SpreadSheet-APi-with-Python-,https://github.com//soumilshah1995/Google-SpreadSheet-APi-with-Python-
83,Blogger-Python-API-,https://github.com//soumilshah1995/Blogger-Python-API-
84,PySniff,https://github.com//soumilshah1995/PySniff
85,Scikit-Learn-Master-with-Example,https://github.com//soumilshah1995/Scikit-Learn-Master-with-Example
86,ResumeParser,https://github.com//soumilshah1995/ResumeParser
87,Scikit-Master-Run-Multiple-Model-in-One-Go,https://github.com//soumilshah1995/Scikit-Master-Run-Multiple-Model-in-One-Go
88,NLP-Model-and-Data-Analysis-on-YELP-Dataset,https://github.com//soumilshah1995/NLP-Model-and-Data-Analysis-on-YELP-Dataset
89,Data-Analysis-of-TED-Talk-Dataset-using-Python-Pandas-Seaborn,https://github.com//soumilshah1995/Data-Analysis-of-TED-Talk-Dataset-using-Python-Pandas-Seaborn
